id,LABEL
7366,Продавец
10959,
13290,"Товар или упаковка поврежден,Товар плохого качества"
9625,Другой товар
487,Доставка позитив
2664,Другой товар
6526,Доставка позитив
6729,
3297,Товар плохого качества
12988,Продукт
6862,
4948,Подделка
9044,Другой товар
1743,"Возврат,Неинформативный"
12493,Товар плохого качества
12292,Подделка
2992,Продавец
8370,Продавец
12953,Товар или упаковка поврежден
7794,Доставка позитив
8047,"Продавец,Товар плохого качества"
169,
7581,
6803,
1061,Доставка позитив
10436,Товар просроченный
5389,Подделка
12283,Подделка
13458,Товар плохого качества
11392,Подделка
6050,
5058,Подделка
13480,
11409,Товар плохого качества
10580,Товар плохого качества
13895,"Доставка позитив,Продукт"
8817,"Доставка позитив,Продукт"
290,"Доставка позитив,Продавец"
5963,Продавец
1453,"Подделка,Товар плохого качества"
6508,Товар просроченный
1533,
10688,Товар плохого качества
8939,
13288,Подделка
4708,
6398,Продавец
12655,Товар плохого качества
12667,
3611,Неинформативный
8890,
1580,Продавец
13698,Продукт
12257,Товар плохого качества
5822,Продукт
11079,Товар плохого качества
927,Товар плохого качества
3482,Товар плохого качества
4081,
12302,Подделка
8692,Товар или упаковка поврежден
2805,"Другой товар,Неполная комплектация"
9855,Продукт
4338,"Доставка позитив,Продавец"
3508,Неинформативный
9680,Товар плохого качества
13882,Продукт
12074,Товар или упаковка поврежден
1121,Продавец
1086,Продавец
11724,Подделка
12940,Товар или упаковка поврежден
12295,Подделка
1039,Доставка позитив
8720,Доставка позитив
9195,
13411,Товар плохого качества
11748,"Подделка,Продавец"
5610,Другой товар
6350,
2420,Продавец
13584,Продавец
1662,"Товар плохого качества,Цена"
3013,
1114,Товар или упаковка поврежден
3599,Продукт
9586,Подделка
2439,Продукт
6969,"Возврат,Другой товар"
11376,Товар или упаковка поврежден
1688,Другой товар
3445,Другой товар
7821,Доставка позитив
9960,Товар просроченный
3120,"Другой товар,Продавец"
4747,Возврат
12038,Товар плохого качества
11224,Доставка позитив
5635,
5444,Товар плохого качества
9362,Другой товар
2201,"Продавец,Товар или упаковка поврежден"
11162,Товар плохого качества
11158,Продавец
10774,Подделка
2319,"Товар плохого качества,Цена"
9301,
9057,"Другой товар,Товар плохого качества"
5836,Продавец
9035,"Другой товар,Продавец"
795,Другой товар
9801,"Доставка позитив,Продукт"
8764,"Б/у,Подделка,Товар или упаковка поврежден"
2087,Доставка негатив
10064,Подделка
10727,Подделка
3954,Продукт
3527,Продавец
9084,Подделка
993,Цена
6157,"Другой товар,Цена"
4010,"Доставка негатив,Доставка позитив"
836,Товар просроченный
11591,Товар плохого качества
3289,Продукт
5494,"Доставка позитив,Продавец"
10768,Продавец
13759,Продукт
7460,Продавец
10306,Товар плохого качества
10832,Подделка
12451,Товар или упаковка поврежден
9159,Товар или упаковка поврежден
14,
6498,
1430,Другой товар
5921,Продавец
2455,
7653,Доставка негатив
9164,Цена
11737,
7174,Продавец
10333,
11621,Товар плохого качества
5692,Другой товар
3409,Продукт
9205,Продукт
1962,Доставка позитив
3488,Продукт
11103,
2534,Товар плохого качества
2638,"Доставка позитив,Каспи,Продавец"
12375,Товар плохого качества
8351,Продавец
7089,Продавец
2952,
7959,"Доставка негатив,Неполная комплектация"
11183,
399,Другой товар
6977,"Другой товар,Неполная комплектация"
5723,Товар или упаковка поврежден
13255,"Продавец,Цена"
12108,Подделка
3011,Продавец
7589,Каспи
8943,Товар плохого качества
168,
3107,Доставка негатив
11167,"Доставка позитив,Продавец"
10714,Товар плохого качества
10695,
11731,Товар плохого качества
4740,
13069,Другой товар
3846,Товар плохого качества
4410,"Другой товар,Продавец"
12457,"Товар или упаковка поврежден,Товар просроченный"
5598,Товар плохого качества
5502,
5364,Товар или упаковка поврежден
2128,Другой товар
10866,Доставка позитив
12764,Товар плохого качества
1261,"Подделка,Товар плохого качества"
6061,
5032,Товар плохого качества
13102,"Доставка негатив,Товар или упаковка поврежден"
11776,Подделка
3305,Продукт
9537,
1346,Подделка
13790,Продукт
12355,
1783,"Продавец,Продукт"
455,
9800,Продукт
13253,Товар плохого качества
339,Продавец
11490,"Товар или упаковка поврежден,Товар плохого качества"
4672,
12749,Товар или упаковка поврежден
6503,
3669,
4417,
1398,"Другой товар,Неполная комплектация"
1944,Доставка позитив
1659,Продавец
12288,Подделка
12914,
2864,Другой товар
10223,Подделка
4412,Подделка
4829,"Другой товар,Товар плохого качества"
10242,Продавец
1139,
5640,"Подделка,Продукт"
3369,Каспи
13340,
7049,
12691,
6554,Подделка
6507,Товар или упаковка поврежден
7305,Неинформативный
5437,Продавец
10061,
8919,Доставка позитив
1482,Товар плохого качества
2453,Продукт
353,Продавец
5239,Продавец
2184,Продавец
9979,Другой товар
10637,Товар плохого качества
9049,
13398,Товар плохого качества
5267,Другой товар
2019,"Доставка позитив,Продавец"
173,Доставка позитив
13311,Товар плохого качества
3101,Подделка
2417,
10821,Доставка позитив
13666,Неинформативный
8500,Другой товар
4149,Продукт
977,Продавец
9918,
11569,Подделка
3418,"Товар или упаковка поврежден,Товар плохого качества"
11410,Товар или упаковка поврежден
10203,Подделка
99,Товар плохого качества
4659,Продавец
11974,Товар плохого качества
10377,Подделка
4387,
10907,Товар плохого качества
12017,"Подделка,Продавец"
4401,Продавец
9727,Другой товар
7060,Другой товар
5430,Цена
9826,Продавец
7203,Товар плохого качества
6676,Подделка
2714,Другой товар
13973,Продукт
11358,Подделка
10788,
13027,Товар или упаковка поврежден
5936,"Доставка позитив,Продавец"
12401,"Подделка,Цена"
12191,Подделка
11844,Товар плохого качества
10564,Товар плохого качества
7053,"Возврат,Другой товар"
13366,
9070,"Продавец,Продукт"
4091,
8581,Цена
7884,"Доставка негатив,Продукт"
9549,Подделка
7425,"Доставка позитив,Продавец"
327,Доставка позитив
1598,Подделка
2536,Товар или упаковка поврежден
11736,Товар плохого качества
2899,Доставка позитив
5512,Цена
11061,Товар плохого качества
6886,Другой товар
3290,Товар просроченный
13406,
10365,Доставка позитив
9450,Доставка позитив
12769,Товар плохого качества
4462,
5582,Продавец
9404,Доставка позитив
3469,Продукт
12405,Товар плохого качества
7300,Другой товар
468,
6173,Продукт
11860,Товар плохого качества
2308,"Доставка позитив,Продукт"
1270,Товар или упаковка поврежден
7727,"Каспи,Продукт"
749,Другой товар
11784,Подделка
31,"Другой товар,Неполная комплектация"
10742,Подделка
4750,Продукт
7216,Продукт
3785,Подделка
5928,Продавец
4810,Продукт
6113,Доставка негатив
8462,
11846,
8694,Товар или упаковка поврежден
5871,Продукт
4745,Продавец
8903,Товар плохого качества
102,Продукт
3275,Подделка
13863,Доставка позитив
6883,"Другой товар,Неполная комплектация,Продавец"
8066,Подделка
2955,Продукт
7508,"Неинформативный,Продавец"
6825,"Доставка негатив,Другой товар"
2585,Неполная комплектация
7807,"Каспи,Продавец,Продукт"
4148,Продукт
12214,Товар или упаковка поврежден
5279,
1844,Продукт
10197,
9819,Продукт
8744,Доставка позитив
3938,Товар плохого качества
608,"Доставка позитив,Продукт"
2957,Неполная комплектация
5837,"Доставка позитив,Продавец"
9430,Доставка позитив
11215,Товар плохого качества
13322,
8127,Каспи
4295,Другой товар
12955,
8177,"Доставка позитив,Каспи,Продавец"
10643,Подделка
6741,
5456,Подделка
2167,Продукт
10214,Подделка
5920,Продавец
8763,"Другой товар,Продавец"
13650,Продавец
4903,Другой товар
5893,Продукт
2375,Продукт
735,Продавец
360,Продавец
8713,
3635,Продукт
181,Другой товар
13691,
12820,Товар плохого качества
11612,
5643,Подделка
12184,Товар плохого качества
4374,"Доставка позитив,Продавец"
13980,Продукт
5079,Подделка
11435,Товар или упаковка поврежден
3322,"Каспи,Продавец"
10105,Продавец
11113,Товар плохого качества
4772,Возврат
8400,Доставка позитив
8594,
11668,Товар плохого качества
9994,Другой товар
13402,Товар плохого качества
3589,Доставка позитив
7770,Товар или упаковка поврежден
10649,Товар плохого качества
8809,"Товар или упаковка поврежден,Товар плохого качества"
11565,Подделка
13003,Товар плохого качества
9517,Продавец
8832,"Доставка позитив,Продукт"
2177,Продукт
8697,
5183,Подделка
13495,Подделка
8729,
12035,Товар плохого качества
8027,"Другой товар,Цена"
3433,"Продукт,Товар плохого качества"
12986,Товар плохого качества
10746,Товар плохого качества
12130,Товар плохого качества
2796,Неполная комплектация
7780,Продукт
1213,Неполная комплектация
13037,Доставка позитив
1807,"Доставка позитив,Каспи,Цена"
12623,"Подделка,Товар плохого качества,Товар просроченный"
8280,"Доставка позитив,Каспи"
1606,
9239,
8025,Товар плохого качества
280,Подделка
624,Подделка
11509,Доставка позитив
9186,"Доставка позитив,Продукт"
13030,Товар плохого качества
13494,Подделка
3169,Продукт
9194,Продукт
9484,Доставка позитив
13275,Товар плохого качества
8861,Доставка позитив
11205,Товар плохого качества
7975,"Продавец,Товар плохого качества"
1368,Подделка
1562,
6611,Товар плохого качества
1534,Товар плохого качества
5955,Продавец
9720,"Другой товар,Продавец"
1611,Продукт
8046,
10511,
11123,Товар плохого качества
1617,Неинформативный
7030,Другой товар
5405,
410,"Каспи,Цена"
12532,Товар или упаковка поврежден
9246,
5436,Подделка
5612,Товар плохого качества
3721,Продукт
4045,Доставка позитив
4269,Продавец
10581,Продавец
12932,Подделка
3772,
13917,Доставка позитив
2771,Продавец
12318,Подделка
7085,Доставка позитив
2325,Продукт
3328,Подделка
7223,
10279,Подделка
1579,
5554,Продавец
1107,Доставка позитив
6041,Другой товар
6902,Другой товар
5090,Подделка
1634,Доставка позитив
12403,Товар плохого качества
9878,
9999,Продавец
12637,Товар плохого качества
5418,Другой товар
10311,Продавец
8085,Подделка
10642,Товар плохого качества
10904,
1769,Товар плохого качества
4246,"Доставка позитив,Продавец"
3043,"Другой товар,Продавец"
8739,Другой товар
1623,
2452,Продукт
5849,Продукт
772,
4112,Продавец
10885,Товар или упаковка поврежден
2626,
11777,Товар плохого качества
9679,
6400,Товар плохого качества
5479,"Доставка позитив,Продукт"
11803,Подделка
5196,"Товар или упаковка поврежден,Товар плохого качества"
1880,Доставка позитив
5357,
7288,Подделка
9344,Продавец
2628,
6109,Доставка позитив
8749,
3323,"Каспи,Товар плохого качества"
9729,Продукт
11739,Продавец
13207,Товар плохого качества
7895,"Продукт,Товар плохого качества"
12354,Подделка
11225,Доставка позитив
9856,Продавец
5689,"Другой товар,Каспи"
4936,
7169,Продавец
4375,Продавец
13835,
2470,Продукт
10393,Товар плохого качества
11729,"Продавец,Товар плохого качества"
3837,"Доставка позитив,Продукт"
8327,"Доставка позитив,Продавец"
2609,Продукт
7865,
10819,Цена
9648,"Продавец,Продукт"
450,Продавец
13127,"Продавец,Товар или упаковка поврежден"
10639,
1199,
7733,Продавец
9859,
7624,Продавец
1253,Другой товар
9643,Продукт
1984,"Доставка позитив,Продавец"
10761,Товар плохого качества
13410,Товар плохого качества
1889,Доставка позитив
708,
10068,Другой товар
8452,Товар просроченный
1766,
11832,Товар плохого качества
5386,Другой товар
732,
3821,
8253,"Доставка позитив,Каспи"
7111,"Продавец,Цена"
177,
7838,Продавец
11412,Товар плохого качества
8686,Товар или упаковка поврежден
457,
13225,"Подделка,Продавец"
12449,Подделка
9869,Продавец
63,Продукт
11818,Подделка
4147,Продукт
9480,Доставка позитив
1022,
12386,Подделка
6277,Товар или упаковка поврежден
13638,
5762,Продавец
12488,Товар или упаковка поврежден
3060,
2525,
379,Доставка позитив
3794,
9717,
10356,Товар или упаковка поврежден
10162,
6693,Продукт
11891,Продавец
2954,"Каспи,Продавец,Продукт"
11299,Подделка
8211,Продавец
9767,
9317,Продукт
5411,Другой товар
12396,Товар плохого качества
10889,Товар плохого качества
3351,Каспи
3576,Продавец
5711,"Продавец,Продукт"
6851,"Доставка негатив,Доставка позитив,Продавец"
8,Товар или упаковка поврежден
13715,Продукт
12547,Товар или упаковка поврежден
4890,Другой товар
7481,Доставка позитив
10856,Доставка позитив
9575,
13554,
10529,
4129,
11119,Подделка
9026,"Доставка позитив,Продавец"
12051,
4692,Продукт
10612,Товар плохого качества
3422,"Доставка позитив,Продавец"
5987,"Продавец,Продукт"
7634,
9407,Доставка позитив
3623,Неинформативный
9189,Подделка
12478,Товар или упаковка поврежден
1111,
2859,Другой товар
13242,
2150,"Товар или упаковка поврежден,Товар плохого качества"
1723,
4292,"Другой товар,Продавец"
13249,Товар плохого качества
10299,Другой товар
6955,Другой товар
14017,Товар плохого качества
8537,"Доставка позитив,Продавец"
10313,Продавец
8163,"Доставка позитив,Продавец"
5292,Продавец
4004,
6315,
2698,Другой товар
8129,"Каспи,Продавец"
9838,Продукт
6558,Цена
13868,"Продукт,Товар плохого качества"
6697,Подделка
4101,"Доставка позитив,Продавец"
2477,
11592,Товар плохого качества
11009,
13806,
6214,
6011,Другой товар
9837,
3090,Продавец
2919,"Продавец,Продукт"
12055,Товар плохого качества
12612,Возврат
2876,
4870,Подделка
10460,Товар плохого качества
13867,Продукт
10441,Неполная комплектация
5792,
4110,Продукт
2589,"Доставка негатив,Доставка позитив"
2478,Доставка негатив
12198,Товар плохого качества
8423,Подделка
5371,Другой товар
11484,
8917,Товар плохого качества
3334,"Доставка позитив,Каспи,Продавец"
4540,Продукт
4411,"Другой товар,Продавец"
7729,"Доставка позитив,Продавец,Продукт"
4058,Доставка позитив
6335,Цена
2310,Доставка позитив
11826,Товар плохого качества
2980,
9671,
11289,"Другой товар,Товар плохого качества"
2442,"Продавец,Продукт"
7383,Продавец
11995,Товар или упаковка поврежден
12920,
4536,Доставка позитив
586,"Неполная комплектация,Продукт"
4441,Товар плохого качества
12984,
11471,Доставка негатив
9563,
5270,Товар плохого качества
7816,Продукт
2927,Товар плохого качества
2818,Другой товар
13777,Продукт
7841,Доставка негатив
1372,Продавец
7391,Продавец
5294,Другой товар
5399,"Неполная комплектация,Товар плохого качества"
6444,Подделка
10989,
12128,Товар плохого качества
9345,"Другой товар,Товар плохого качества"
12697,"Доставка позитив,Продукт"
13191,Продавец
8975,Товар или упаковка поврежден
12092,Товар плохого качества
8860,Доставка позитив
1493,Подделка
5202,Продавец
736,Другой товар
4215,Продавец
7637,
1225,Цена
12208,Товар плохого качества
10387,Товар плохого качества
1586,Подделка
3379,Продавец
47,Доставка позитив
2189,
4194,Другой товар
8516,"Доставка позитив,Продукт"
3942,
11480,
4098,Продукт
7590,Продавец
7066,Другой товар
6641,Товар плохого качества
8628,Другой товар
9995,
3941,
1010,
13195,Товар плохого качества
1320,Продавец
12992,"Доставка позитив,Каспи"
7307,Другой товар
10933,Товар плохого качества
385,Другой товар
1475,Подделка
12522,
6879,
811,
747,"Другой товар,Продавец"
11075,Товар плохого качества
3894,Продукт
12690,
12787,Подделка
3559,Продукт
8887,
12714,Товар плохого качества
8064,Подделка
10976,Доставка позитив
7580,Каспи
3105,Неполная комплектация
12278,Товар плохого качества
8396,"Неинформативный,Продавец,Продукт"
7889,Продукт
1328,Продавец
5128,"Другой товар,Товар плохого качества"
9597,
10323,"Возврат,Товар плохого качества"
11877,Товар плохого качества
13664,
4031,
4365,"Доставка позитив,Продавец"
5814,Доставка позитив
14015,Товар плохого качества
5195,"Неполная комплектация,Товар плохого качества"
9366,Продукт
11993,Товар плохого качества
5990,
9578,"Продавец,Товар плохого качества"
902,Доставка позитив
2595,
2858,"Другой товар,Продавец"
533,
8768,
2678,
10179,Товар плохого качества
8200,"Доставка позитив,Продавец"
1078,Продавец
3441,Продукт
7152,Продавец
8541,"Доставка позитив,Продавец,Продукт"
8668,"Доставка позитив,Продавец"
1683,Подделка
5992,Продукт
7061,Другой товар
6181,Товар плохого качества
7359,Другой товар
6914,Другой товар
7820,Продукт
3563,"Неинформативный,Продукт"
3948,
542,
7586,
1006,
12730,
11315,
7038,Другой товар
2900,"Доставка позитив,Продавец"
12867,Товар плохого качества
13935,Доставка позитив
2751,Другой товар
5620,Доставка позитив
8510,Подделка
1053,"Доставка позитив,Каспи"
7512,Неполная комплектация
8440,Товар плохого качества
5702,
9185,Доставка позитив
12178,"Товар плохого качества,Цена"
1714,
8079,Другой товар
7949,Подделка
10390,
8192,Доставка позитив
2157,
8451,Товар просроченный
3184,"Возврат,Продавец"
7217,Продукт
8655,Продавец
3921,Подделка
9570,Подделка
11050,Подделка
12865,Товар плохого качества
10039,Продукт
6245,
11711,Товар плохого качества
11286,Товар плохого качества
4429,Товар плохого качества
3833,
9863,Продукт
13206,Подделка
7534,
884,"Доставка позитив,Продавец"
4257,Подделка
12615,"Доставка позитив,Подделка"
4106,Продавец
12560,
388,
9112,"Товар или упаковка поврежден,Товар плохого качества"
3522,
12188,Товар плохого качества
7672,Продавец
5217,
6343,
4527,Продавец
12016,Товар плохого качества
6087,Продавец
304,Продавец
7436,
9039,
311,Другой товар
2002,"Доставка негатив,Доставка позитив"
8889,
12445,"Товар или упаковка поврежден,Товар плохого качества"
3647,
357,"Другой товар,Продавец"
605,Продавец
10625,Неполная комплектация
10216,"Подделка,Товар плохого качества"
3025,Продукт
6560,Товар плохого качества
476,Неполная комплектация
2802,Продавец
13707,Продукт
9260,"Подделка,Продукт"
11078,
1713,Товар плохого качества
8911,Товар плохого качества
11142,Товар плохого качества
8579,Продукт
5071,Подделка
4653,
4245,
11740,
13783,
6330,
9121,"Доставка позитив,Каспи"
13447,Продукт
9558,
8645,Продавец
4397,"Доставка позитив,Продавец"
12624,Товар плохого качества
2039,Доставка позитив
7525,
4742,
14006,Товар плохого качества
9487,Доставка позитив
10967,"Товар плохого качества,Цена"
4978,
10335,"Доставка позитив,Продавец"
248,
8672,Товар или упаковка поврежден
3851,
10957,
4089,"Другой товар,Продавец"
696,"Продукт,Товар плохого качества"
12410,
862,Продукт
10036,Товар плохого качества
3678,Подделка
13888,Доставка позитив
4515,"Неинформативный,Товар плохого качества"
8184,"Доставка позитив,Продавец"
11825,"Подделка,Продавец"
3820,Неполная комплектация
3058,Продавец
2099,"Доставка позитив,Продавец"
2388,Доставка позитив
518,Товар или упаковка поврежден
70,Товар плохого качества
1373,
10186,Товар плохого качества
6436,Подделка
7254,Неполная комплектация
5459,
7749,Доставка позитив
8756,Товар плохого качества
12625,Товар плохого качества
3021,
6630,Другой товар
7246,Продукт
7740,
9144,Продавец
4881,"Другой товар,Неполная комплектация,Продавец"
12388,Товар или упаковка поврежден
11085,Товар плохого качества
11280,Товар плохого качества
3393,"Каспи,Продукт"
10730,Подделка
1530,
5042,
41,"Другой товар,Продавец"
3984,
6698,"Продавец,Продукт"
12475,"Продавец,Товар просроченный"
11762,Подделка
7199,Подделка
9858,"Доставка позитив,Продавец,Продукт"
4217,Продавец
2616,Доставка позитив
9329,Продукт
9612,"Товар или упаковка поврежден,Товар плохого качества"
6076,Доставка позитив
13679,Продукт
8341,"Доставка позитив,Продавец"
7879,"Доставка позитив,Продукт"
1310,Продукт
6178,Другой товар
7532,Доставка позитив
2067,"Доставка негатив,Доставка позитив"
5683,Подделка
13565,Товар плохого качества
2826,"Доставка позитив,Неполная комплектация"
7157,Другой товар
11945,Другой товар
5524,Продавец
8379,Доставка позитив
6649,Подделка
1393,"Другой товар,Цена"
4265,
6271,Продукт
11398,Доставка позитив
9364,Товар плохого качества
10946,Товар или упаковка поврежден
7332,Продукт
9081,Подделка
11902,
10887,Другой товар
970,Неполная комплектация
2344,Продукт
11785,Подделка
10092,Товар плохого качества
13293,Подделка
6790,
11076,Товар плохого качества
9822,"Доставка позитив,Продукт"
11293,Товар плохого качества
6452,Подделка
10925,Товар или упаковка поврежден
7528,Продавец
2412,"Продавец,Продукт"
217,Товар или упаковка поврежден
12299,Подделка
7346,Товар плохого качества
8030,"Возврат,Другой товар"
5860,Продавец
9675,"Доставка негатив,Доставка позитив"
8361,Продавец
3804,"Продавец,Продукт"
8153,Продавец
1697,Товар просроченный
9281,Подделка
9117,
7369,Другой товар
6779,Другой товар
8791,"Доставка позитив,Продукт"
8994,
7113,Продавец
900,Продавец
3615,
184,"Другой товар,Продавец"
7567,Продавец
284,Продавец
5434,Товар плохого качества
6904,Товар просроченный
2020,"Доставка позитив,Цена"
8054,Продавец
13785,Доставка позитив
13910,Доставка позитив
8977,"Доставка позитив,Цена"
4641,
1512,Подделка
9932,Продукт
1034,Продавец
11275,Товар плохого качества
6069,"Доставка позитив,Продавец"
3037,Продавец
592,Товар плохого качества
7403,"Доставка позитив,Каспи"
218,"Товар или упаковка поврежден,Товар плохого качества"
2777,Доставка негатив
6137,Цена
6867,
6499,Продукт
11047,"Подделка,Продавец"
9187,Продавец
10307,Подделка
4123,Продукт
13261,Товар плохого качества
538,"Доставка позитив,Каспи"
2405,Продавец
6195,Продукт
2791,Продавец
9943,Товар плохого качества
7001,"Доставка позитив,Товар или упаковка поврежден"
1684,Подделка
6592,Неполная комплектация
11386,
6458,Подделка
5775,Продукт
7139,Продавец
3656,Товар плохого качества
13852,"Доставка позитив,Продукт"
8709,Товар или упаковка поврежден
9192,Другой товар
8359,
8978,Доставка позитив
9102,Подделка
3706,
13657,Доставка позитив
5130,Товар плохого качества
6070,"Доставка позитив,Продавец"
12693,Продавец
8842,"Доставка позитив,Продавец"
3698,Продукт
2677,Продавец
13200,
6399,Подделка
2527,Доставка позитив
8663,Продукт
11658,Товар плохого качества
12088,Подделка
4561,
6735,
13770,Продукт
465,Продавец
6216,Неполная комплектация
113,
1748,"Доставка негатив,Доставка позитив,Продавец"
10609,
13209,Товар плохого качества
6412,
6386,Продукт
35,
5148,Неполная комплектация
13423,Товар плохого качества
4889,Товар плохого качества
11168,Подделка
8273,"Доставка позитив,Каспи,Продавец"
2766,Каспи
3891,
9975,Другой товар
868,
1983,"Доставка позитив,Каспи"
1326,Доставка позитив
3822,Товар или упаковка поврежден
2993,"Продавец,Продукт"
10970,
12934,Подделка
1799,
9019,
11273,"Подделка,Товар плохого качества"
7795,
9567,Подделка
7051,Доставка позитив
3684,Каспи
6889,Подделка
12454,Товар плохого качества
3307,"Продавец,Цена"
8589,Продукт
3495,Товар плохого качества
11020,Товар плохого качества
3222,
5763,Продавец
10619,Подделка
4602,"Другой товар,Продавец"
12140,
6935,
12356,Товар плохого качества
11864,
5970,Продавец
12703,Товар плохого качества
3063,Продукт
9279,Продукт
8261,Продавец
4991,Товар плохого качества
3963,Товар плохого качества
10274,Другой товар
11759,Подделка
12544,
4352,Продавец
1217,Неполная комплектация
5180,Товар плохого качества
10857,"Доставка негатив,Доставка позитив"
8471,"Другой товар,Неполная комплектация"
5653,Подделка
6556,
11369,Товар плохого качества
1026,
5438,Продавец
2227,Доставка позитив
6384,Товар просроченный
2360,
12968,Товар плохого качества
11001,Товар плохого качества
13576,Другой товар
10252,Товар плохого качества
1002,Товар просроченный
6101,"Доставка позитив,Продавец"
11665,"Подделка,Товар плохого качества"
2995,
13089,Товар или упаковка поврежден
13498,
1408,Неполная комплектация
3910,Продавец
13019,Подделка
6237,Продукт
12459,"Доставка позитив,Товар плохого качества"
167,
4274,"Неполная комплектация,Продукт"
1795,
6424,Подделка
8107,"Доставка позитив,Продавец"
9573,Подделка
4638,Продукт
6306,Продукт
4115,Доставка позитив
2267,
2183,Продавец
2117,Другой товар
1921,"Доставка позитив,Продавец"
2357,
8020,Товар плохого качества
2448,
7903,Продавец
7698,
5714,
2069,"Доставка негатив,Доставка позитив"
10654,
5431,Подделка
6403,Продавец
1483,"Подделка,Товар плохого качества"
10434,
1744,"Доставка позитив,Продавец"
5733,
247,Другой товар
4714,Неполная комплектация
1358,
6997,Неполная комплектация
2754,Другой товар
13122,Продавец
511,Продавец
2144,
3076,Продавец
12630,
10104,Продавец
10930,Товар плохого качества
5483,Продавец
4015,
12587,
7448,Продавец
13391,"Подделка,Цена"
8552,"Доставка позитив,Продавец"
11292,Товар плохого качества
5504,
11107,Товар плохого качества
135,
431,Продавец
8928,Другой товар
1923,"Доставка позитив,Продавец"
1599,"Доставка позитив,Продавец"
6820,Доставка позитив
7728,Неполная комплектация
10130,
7458,Продавец
12290,Подделка
3069,Продавец
6223,Товар плохого качества
5863,Продавец
7592,Доставка позитив
6372,Товар или упаковка поврежден
9015,Другой товар
5106,Подделка
8653,Продавец
6220,Товар плохого качества
13975,"Доставка позитив,Продукт"
9804,Продукт
7741,Другой товар
4250,
6857,Продавец
6081,Доставка позитив
8416,"Доставка позитив,Продукт"
3562,Доставка позитив
1433,
1722,Товар плохого качества
12904,Товар плохого качества
12778,Продавец
1385,
7844,
11173,Подделка
4296,Другой товар
12367,Подделка
937,"Доставка позитив,Продавец"
13958,Продукт
833,
3746,Продукт
9980,Другой товар
872,"Доставка позитив,Продавец"
6083,Продавец
11255,Товар плохого качества
12668,Товар плохого качества
1175,
12918,Доставка негатив
2928,Товар плохого качества
13040,Подделка
1739,
11560,Товар или упаковка поврежден
10455,"Товар или упаковка поврежден,Товар плохого качества"
1083,Продавец
8784,Другой товар
5282,Подделка
1575,"Неполная комплектация,Продавец"
411,"Другой товар,Продавец"
1197,Подделка
3193,Подделка
8872,Доставка позитив
2081,
12099,Товар плохого качества
13851,Продавец
12676,Товар плохого качества
3858,Подделка
720,
12415,Товар плохого качества
1747,Подделка
2444,
3971,
5749,
13250,Товар плохого качества
2974,Товар плохого качества
3702,
12923,Товар или упаковка поврежден
9853,Продавец
13778,Продукт
299,Продавец
13617,Продукт
10556,Товар плохого качества
12638,
10110,Продукт
1957,"Доставка позитив,Продавец"
12901,"Товар или упаковка поврежден,Товар плохого качества"
11346,Товар плохого качества
9071,Подделка
3514,"Доставка позитив,Продавец"
13108,
2865,Другой товар
11378,Товар плохого качества
6133,"Продавец,Продукт"
7466,"Доставка позитив,Продавец"
4003,Подделка
6174,
10446,Товар плохого качества
1190,
2301,Доставка позитив
2554,"Товар плохого качества,Цена"
119,Продавец
6084,"Доставка позитив,Продавец"
3886,
10983,Товар или упаковка поврежден
7752,Товар плохого качества
4691,Продукт
11056,Подделка
11659,
10456,Товар плохого качества
5508,Другой товар
10200,
657,
12578,
13230,
5559,Товар плохого качества
13941,Доставка позитив
13864,"Доставка позитив,Каспи,Продукт"
4291,Продавец
9757,"Доставка позитив,Продукт"
3341,Каспи
2760,"Другой товар,Продавец"
3705,Каспи
704,
5528,
11172,Товар плохого качества
4617,Другой товар
8344,"Продавец,Продукт"
2095,"Доставка негатив,Доставка позитив"
150,
3314,"Доставка позитив,Продукт"
4874,Другой товар
5381,Товар просроченный
13859,Продукт
2485,Подделка
6466,Подделка
9839,Продукт
9257,
9063,Неполная комплектация
4454,Другой товар
11297,Товар плохого качества
13478,Товар или упаковка поврежден
10538,"Доставка позитив,Продавец"
8486,Продукт
9861,"Продавец,Цена"
3429,"Возврат,Товар плохого качества"
1350,
12352,Подделка
7417,Доставка позитив
11343,Товар плохого качества
5123,Неполная комплектация
12526,Товар или упаковка поврежден
7784,Продукт
11071,Подделка
2312,Доставка позитив
8420,Товар плохого качества
2009,Товар плохого качества
11894,Продавец
11943,Подделка
9383,Подделка
13541,Другой товар
3585,Продавец
6576,
3315,Продавец
1593,
33,Доставка позитив
1351,
10191,"Возврат,Продавец,Товар плохого качества"
10585,Товар плохого качества
10149,Продукт
12265,"Продавец,Товар плохого качества"
5981,Продукт
9457,Доставка позитив
7664,Доставка позитив
10767,Товар или упаковка поврежден
925,"Другой товар,Продавец"
4972,"Другой товар,Товар плохого качества"
8688,Товар или упаковка поврежден
908,
1768,Другой товар
11212,Подделка
2025,Доставка позитив
4716,Другой товар
9319,Продукт
9668,
9027,Б/у
9661,Подделка
2913,
5538,Товар плохого качества
4664,Продавец
2390,Доставка позитив
11270,Товар плохого качества
764,Другой товар
6215,
9247,
1085,"Другой товар,Продавец"
13012,
3753,Товар просроченный
4731,Другой товар
9228,
9810,
978,Товар плохого качества
7342,Другой товар
10686,Подделка
2145,Неполная комплектация
50,Продукт
12062,
8454,"Продавец,Товар просроченный"
11030,
9604,"Продавец,Товар плохого качества"
13192,Подделка
8366,
12166,
2215,Доставка позитив
6596,"Возврат,Другой товар,Продавец"
8664,Товар или упаковка поврежден
11872,Товар плохого качества
8029,Продукт
11321,Подделка
11427,
8373,Продавец
9334,Подделка
5382,Товар просроченный
5156,Неполная комплектация
8649,
2459,"Продавец,Продукт"
13966,"Неинформативный,Продукт"
5412,Подделка
13579,
6149,Продукт
6025,Другой товар
2021,Доставка позитив
396,Другой товар
12873,
8499,Другой товар
11518,Подделка
5697,"Другой товар,Продавец"
6258,"Доставка позитив,Продукт"
10845,Товар или упаковка поврежден
10678,Подделка
6072,"Доставка позитив,Продавец"
5980,Продукт
930,"Доставка позитив,Продавец"
1720,Товар плохого качества
10923,Товар или упаковка поврежден
817,Продукт
434,Товар плохого качества
13729,Подделка
1035,Доставка позитив
10638,"Другой товар,Продавец"
6569,Подделка
6161,Товар просроченный
200,Другой товар
4759,"Доставка позитив,Продавец"
8786,"Доставка позитив,Товар или упаковка поврежден"
12096,Подделка
8331,Продавец
10830,
251,Товар плохого качества
611,Продавец
4467,Товар просроченный
5049,Подделка
12652,Подделка
9394,Каспи
11070,Товар плохого качества
12773,Товар плохого качества
9145,"Доставка позитив,Продавец,Продукт"
10035,Товар плохого качества
2924,
149,
10008,"Товар плохого качества,Цена"
13593,
5129,Товар плохого качества
4743,Товар плохого качества
12027,
9646,Другой товар
1989,"Доставка позитив,Каспи,Продавец"
9142,Доставка позитив
1402,Другой товар
3448,
763,Другой товар
11064,Подделка
3214,
11730,Товар плохого качества
3375,Продавец
3000,
9500,Доставка позитив
4751,
2611,Продавец
6128,Каспи
10116,
1516,"Доставка позитив,Продавец"
6148,Продукт
9577,Товар плохого качества
13251,Товар плохого качества
1489,"Возврат,Другой товар"
14019,Доставка позитив
2935,Другой товар
13439,Товар плохого качества
83,
8900,Цена
7559,"Доставка позитив,Продукт"
5344,
12744,Подделка
3065,Продавец
8671,Товар или упаковка поврежден
8293,"Доставка позитив,Продавец"
8489,Другой товар
9051,Другой товар
429,Неполная комплектация
8498,Другой товар
2232,Товар плохого качества
13213,"Доставка позитив,Каспи"
4963,Товар плохого качества
2034,"Доставка негатив,Доставка позитив"
4794,
4190,
3550,"Доставка позитив,Продукт"
8796,Продавец
7145,Продавец
9419,Доставка позитив
1655,
293,Продавец
11973,
8215,Продавец
2619,Доставка позитив
9705,Другой товар
5743,Подделка
637,Продавец
5747,Продавец
653,
1953,"Доставка позитив,Каспи"
2614,"Доставка позитив,Продавец"
6918,Подделка
1650,Товар плохого качества
5426,Товар плохого качества
3015,Товар просроченный
12277,
13972,
4802,Другой товар
3233,
4501,
2753,
8324,"Каспи,Продавец"
479,
13329,
9966,"Другой товар,Неполная комплектация"
10316,
103,Продукт
7944,Продавец
1157,"Подделка,Продукт"
9628,Другой товар
12511,
1383,"Продукт,Товар плохого качества"
5890,Продукт
13875,Продукт
3601,Доставка позитив
5805,Продавец
9690,Продукт
647,"Доставка позитив,Продавец"
11354,Товар плохого качества
7105,Продавец
11817,Подделка
1457,"Другой товар,Продавец"
4407,Продавец
10359,Товар плохого качества
2124,
5309,Другой товар
4688,"Доставка позитив,Продавец"
12167,Товар плохого качества
3425,Продукт
10394,
5614,Доставка позитив
3146,Продукт
6346,
543,Другой товар
9434,"Доставка позитив,Каспи"
8419,Другой товар
8868,Доставка позитив
4191,Продукт
10029,
13652,
2270,Товар или упаковка поврежден
11558,Товар плохого качества
11755,Подделка
8303,"Доставка позитив,Продавец"
13380,Товар плохого качества
12975,Товар плохого качества
9609,Товар плохого качества
741,Другой товар
8360,"Доставка позитив,Продавец"
11595,Подделка
15,
9355,Продукт
6948,Другой товар
5862,"Доставка позитив,Продавец"
9693,Другой товар
13860,"Другой товар,Продукт"
12983,Доставка позитив
5144,Неполная комплектация
2909,"Товар плохого качества,Цена"
6631,Продавец
11170,Товар плохого качества
11468,
714,
10908,Товар плохого качества
13669,Товар плохого качества
2366,Неполная комплектация
10133,
3059,Продавец
9934,Товар или упаковка поврежден
8444,Цена
2348,Товар плохого качества
8240,Доставка позитив
12675,Товар плохого качества
12783,Товар плохого качества
12586,Товар плохого качества
4395,Продавец
839,
9780,Продукт
13190,Товар плохого качества
4464,Цена
6572,Доставка позитив
8146,"Доставка позитив,Продавец"
5030,
2676,Другой товар
4764,"Продавец,Товар просроченный"
3991,Товар плохого качества
12225,Подделка
744,Другой товар
1740,Товар плохого качества
3421,Продукт
932,"Доставка позитив,Продавец"
1142,Продукт
1730,
12223,Товар плохого качества
4878,Товар плохого качества
13428,Доставка негатив
11250,Товар плохого качества
4902,
4701,
7286,Товар плохого качества
3434,"Продукт,Товар плохого качества"
6946,Другой товар
4348,Продавец
6298,Подделка
7593,Продукт
12046,Товар плохого качества
530,Доставка позитив
2596,Доставка позитив
12311,
10683,Подделка
13073,Товар или упаковка поврежден
7388,Продавец
6831,"Неполная комплектация,Продавец"
13276,Товар плохого качества
10558,Товар плохого качества
14004,Товар плохого качества
13320,Товар или упаковка поврежден
12382,Товар плохого качества
4216,Продавец
9773,Товар просроченный
12907,Товар плохого качества
5957,"Доставка позитив,Продавец"
2471,Продукт
3344,"Каспи,Продавец"
1297,"Другой товар,Продукт"
13117,
8518,Другой товар
8063,Товар плохого качества
9158,"Возврат,Продавец,Товар плохого качества"
4455,"Доставка позитив,Продукт"
12404,Товар плохого качества
895,Доставка позитив
12694,"Доставка позитив,Каспи"
9350,Товар плохого качества
11742,Неполная комплектация
13742,
828,Товар плохого качества
6634,"Доставка позитив,Продавец"
5414,Другой товар
1226,Цена
3877,
3405,Цена
8608,Другой товар
3411,"Каспи,Цена"
8593,Другой товар
3704,
12429,Доставка негатив
535,Продукт
8781,"Доставка позитив,Продавец"
6162,Продукт
7897,Продукт
7463,Продавец
2988,Подделка
11586,
9935,Продавец
5277,Подделка
3528,Продавец
12611,Подделка
3131,"Другой товар,Продавец"
4693,Товар плохого качества
1178,"Доставка позитив,Продукт"
3694,Продукт
3855,
4325,"Подделка,Продавец"
2582,Подделка
3463,Продукт
2746,"Другой товар,Продавец"
6193,"Доставка позитив,Продавец,Продукт"
8926,Продукт
8730,
1043,"Доставка позитив,Продавец"
8459,"Доставка позитив,Продукт"
11931,Товар плохого качества
12998,Товар плохого качества
373,
9212,"Доставка позитив,Продукт"
5155,Неполная комплектация
9287,
2122,Подделка
2236,Другой товар
2119,Другой товар
9763,
9436,
11465,Подделка
13796,Товар плохого качества
4562,
1491,Товар плохого качества
3617,"Продавец,Продукт"
13748,Товар плохого качества
4139,"Продавец,Продукт"
8116,Каспи
11227,Товар или упаковка поврежден
4965,Товар плохого качества
2406,
5226,Товар плохого качества
3014,Продукт
6706,Неинформативный
9864,Продукт
12829,Товар плохого качества
185,Товар плохого качества
13849,Доставка позитив
2109,
7633,Продавец
5933,Продавец
10690,Доставка позитив
7859,Товар плохого качества
13741,Неинформативный
7840,Продукт
5503,Товар просроченный
13354,Товар плохого качества
2507,Продукт
3387,Продукт
13006,Товар плохого качества
7198,Подделка
5847,"Продавец,Продукт"
3679,
1470,Другой товар
10481,Подделка
7058,Доставка позитив
6925,Другой товар
8197,Продукт
8823,Продавец
4400,"Другой товар,Товар просроченный"
10421,
4918,Товар плохого качества
2054,Другой товар
8703,Продукт
6743,
12467,Подделка
7092,Подделка
2351,Другой товар
4533,
10360,Товар плохого качества
7290,"Доставка позитив,Продавец"
8530,Возврат
1236,
5257,Другой товар
11571,
4393,Продавец
3781,Доставка негатив
8015,Товар плохого качества
676,Товар плохого качества
12686,Доставка позитив
5100,Подделка
9360,Неполная комплектация
13678,Товар плохого качества
921,
12868,
1182,
8257,Продавец
6462,Подделка
11701,Товар плохого качества
221,
558,
1327,"Доставка позитив,Продавец"
13484,Товар или упаковка поврежден
13957,Продукт
9876,Продавец
2519,
4092,Другой товар
8797,Доставка позитив
2769,Продавец
3834,Подделка
7420,"Доставка негатив,Доставка позитив,Продавец"
13442,
5174,Товар просроченный
333,Продавец
6126,Цена
12001,Подделка
4229,
5883,"Доставка позитив,Продукт"
2012,"Доставка позитив,Каспи"
11770,Товар плохого качества
13187,
10584,
3958,
13076,Товар или упаковка поврежден
11505,Продавец
11159,Товар плохого качества
7712,
10715,Цена
2631,Доставка негатив
6247,"Каспи,Продавец,Продукт"
1665,
11998,
4193,
3206,Товар плохого качества
5678,Подделка
13813,Продукт
6179,
12109,Подделка
724,Другой товар
12453,Товар плохого качества
6014,Другой товар
6073,Доставка позитив
13278,Товар плохого качества
9841,
8188,Продавец
11953,Товар плохого качества
8610,
5861,Продавец
3526,Продавец
447,Продавец
10444,
1791,"Доставка позитив,Продукт"
6165,Продукт
8812,Продукт
9544,Продавец
8142,"Доставка позитив,Продавец"
1964,Доставка позитив
12669,Товар плохого качества
4359,"Доставка позитив,Продавец"
9263,
6480,Подделка
2254,
944,Продукт
2456,Продавец
5407,
1547,Другой товар
683,Другой товар
3860,Другой товар
10663,Товар плохого качества
5549,Доставка позитив
875,"Каспи,Продавец"
6590,Другой товар
2996,
4649,
6518,
1315,
5219,Товар просроченный
5790,Подделка
6351,Другой товар
3194,
12758,Товар плохого качества
10534,Товар плохого качества
13896,"Доставка позитив,Продукт"
914,Продукт
3024,Продукт
8969,Подделка
3813,"Неполная комплектация,Продукт"
5264,"Другой товар,Продавец"
12230,Товар плохого качества
10310,Товар плохого качества
10285,Товар плохого качества
13034,Доставка позитив
7963,"Доставка позитив,Продавец"
5350,Продавец
10122,Продукт
12071,Товар или упаковка поврежден
4685,
12962,
7735,Подделка
5642,"Подделка,Продавец"
1626,"Доставка позитив,Продавец"
4609,Неинформативный
2501,"Доставка позитив,Продукт"
2334,Продавец
1237,"Подделка,Товар плохого качества"
5205,"Другой товар,Продавец"
4814,"Каспи,Продукт,Товар просроченный"
101,
5440,
1621,Продукт
6877,"Доставка позитив,Продавец"
9054,Другой товар
13509,"Подделка,Товар плохого качества"
3449,Товар плохого качества
3447,Продавец
1355,Продукт
979,Продукт
4105,Неполная комплектация
11991,
3668,Подделка
2910,"Продавец,Продукт"
7676,Товар или упаковка поврежден
1488,Другой товар
13259,
3989,Продукт
1935,Доставка позитив
1018,Товар плохого качества
1153,Продукт
907,Продавец
8382,"Доставка позитив,Продавец"
6104,"Каспи,Продукт"
1705,Другой товар
1323,"Доставка позитив,Продавец"
11610,"Продавец,Товар плохого качества"
8765,"Другой товар,Продавец,Товар плохого качества"
4696,
6740,Продавец
5909,Продукт
7877,Продукт
5908,"Продавец,Продукт"
9589,Другой товар
3571,"Неинформативный,Продукт"
12320,Товар плохого качества
2512,
6920,Другой товар
2483,
4019,"Доставка позитив,Продавец"
9520,
12645,
12517,Доставка позитив
5886,Продукт
8573,
19,
3570,Каспи
1508,
3800,Цена
10898,Товар плохого качества
11432,Товар плохого качества
12032,Подделка
13419,Товар плохого качества
8665,
10565,Товар плохого качества
5384,Товар просроченный
8119,"Доставка позитив,Каспи"
1602,Продукт
321,Продавец
2085,Доставка позитив
2140,
9412,"Доставка позитив,Каспи"
13042,Товар плохого качества
2715,Цена
10108,
1965,Доставка позитив
3881,Продукт
7393,Продавец
8951,
8849,Продавец
6005,"Другой товар,Продавец"
4635,"Другой товар,Продавец"
1701,
7034,Доставка позитив
11176,Подделка
263,Продавец
7921,Продавец
12236,Подделка
7213,
4949,Продавец
12285,Подделка
10618,Товар плохого качества
6192,"Доставка позитив,Продавец"
5651,Подделка
12521,Продавец
4509,"Неполная комплектация,Продавец"
2874,"Другой товар,Продавец"
473,
13131,Подделка
5833,
6248,"Доставка позитив,Продукт"
2495,Доставка позитив
8297,Продавец
3474,Продукт
13361,Товар плохого качества
7377,
12872,
8746,"Другой товар,Продавец"
7550,
13900,Доставка позитив
8145,"Доставка позитив,Продавец"
7571,Продукт
1418,Подделка
13804,
11288,Товар плохого качества
8854,Доставка позитив
13297,Товар плохого качества
7645,Товар плохого качества
4013,"Товар просроченный,Цена"
12589,Товар или упаковка поврежден
2133,Подделка
10786,Товар плохого качества
10888,"Товар или упаковка поврежден,Товар плохого качества"
13548,
3404,
9940,
3542,
8131,Доставка позитив
1247,
5022,Подделка
7054,Другой товар
10066,
7344,"Другой товар,Продукт"
5076,Подделка
9349,"Продукт,Товар плохого качества"
13807,
5639,
4308,Продавец
850,Неинформативный
6658,"Доставка позитив,Каспи"
7333,Другой товар
8456,Товар просроченный
10370,Товар плохого качества
8506,
3773,Продукт
5687,Подделка
2337,Продукт
10385,Товар плохого качества
9696,Продукт
6956,Другой товар
7792,Товар плохого качества
4502,Продукт
4226,Подделка
967,Товар плохого качества
13981,"Доставка позитив,Продавец,Продукт"
1945,Доставка позитив
9812,Неполная комплектация
6746,Неполная комплектация
3187,Подделка
95,Другой товар
9470,Доставка позитив
6260,Доставка позитив
4100,"Доставка позитив,Продавец"
8511,"Подделка,Цена"
5595,
7615,Продавец
11838,Товар плохого качества
219,Неполная комплектация
3031,
59,Неполная комплектация
13369,Товар или упаковка поврежден
12959,
10809,Товар плохого качества
10972,
13510,Товар плохого качества
11441,
6110,"Доставка негатив,Доставка позитив"
461,"Подделка,Цена"
7918,Продукт
10950,
6939,"Другой товар,Цена"
10414,
2968,Продукт
10269,
6967,Другой товар
7018,
398,
4347,Продавец
12569,Неполная комплектация
4096,
12943,Доставка позитив
12321,Товар плохого качества
9001,Продукт
9634,Другой товар
3660,Продукт
10978,
5120,Товар плохого качества
13727,Товар плохого качества
330,"Доставка позитив,Продавец"
1786,Другой товар
812,Каспи
1978,Доставка позитив
10493,"Доставка позитив,Продавец"
613,Продавец
1282,
6475,Подделка
10979,Доставка негатив
3827,
8276,
3680,
10717,Продавец
9386,
10968,"Товар плохого качества,Цена"
3578,Продавец
13477,Товар или упаковка поврежден
13335,Подделка
4983,"Продавец,Товар плохого качества"
12340,Подделка
12365,Подделка
2029,"Доставка негатив,Доставка позитив"
6501,
7958,
10780,
2704,Товар плохого качества
8695,"Другой товар,Продавец"
9644,
4721,Продукт
7441,Продукт
8214,Продавец
9395,
2701,"Подделка,Продавец"
2323,Товар плохого качества
9276,Цена
8869,Доставка позитив
3691,Продукт
13226,Подделка
3852,"Другой товар,Товар просроченный"
10046,"Каспи,Продавец,Продукт"
7363,"Подделка,Товар просроченный"
1731,
2984,"Доставка позитив,Продавец"
12137,Подделка
3752,Неполная комплектация
1166,Продукт
13825,
11090,Подделка
5857,Продавец
9592,Подделка
13708,Продукт
13452,Товар или упаковка поврежден
1943,"Доставка позитив,Каспи,Продавец"
8405,Продавец
11209,Подделка
10206,
1347,Товар плохого качества
7932,Продавец
3017,Другой товар
10672,Товар плохого качества
1208,Неполная комплектация
4862,"Доставка негатив,Каспи"
424,Продавец
554,"Другой товар,Продавец"
1954,Продавец
6742,
8661,Продукт
3703,Продукт
8314,Доставка позитив
11012,Подделка
10346,Подделка
12054,"Товар плохого качества,Цена"
8166,"Доставка позитив,Продавец"
11481,
3487,"Продукт,Товар плохого качества"
4834,
9303,
6369,
573,Подделка
8390,
5828,Продукт
2884,Продавец
11334,
12581,Товар или упаковка поврежден
2342,
12294,Подделка
68,Неполная комплектация
2271,
10941,
2531,Доставка позитив
11615,
4590,Другой товар
1595,
3467,Товар плохого качества
5701,
10296,
3988,
11136,Товар или упаковка поврежден
245,
10379,Товар плохого качества
7539,"Доставка позитив,Продукт"
2807,Другой товар
4170,Доставка позитив
3355,
5914,Продавец
673,
10763,Товар плохого качества
3912,
10023,Товар плохого качества
8279,Доставка позитив
9261,Продукт
4184,Продукт
4960,
9629,Другой товар
11474,
3299,"Другой товар,Продавец"
7711,Другой товар
5804,Продавец
11057,Товар плохого качества
2036,Продавец
12674,
6270,"Доставка позитив,Продавец"
9712,
7900,Продавец
1427,
11361,Подделка
3128,Продавец
13607,Доставка позитив
10427,
1413,
114,Неинформативный
4165,"Доставка позитив,Продукт"
5245,
230,Продавец
12216,
12220,Товар плохого качества
4102,Продукт
1520,
5900,Продавец
214,Другой товар
10783,
6455,Подделка
4489,Продукт
11442,"Продавец,Товар плохого качества"
9221,Доставка негатив
2182,
8558,Доставка позитив
4843,Продукт
6333,Товар плохого качества
10984,Доставка позитив
3295,
7315,
6489,"Подделка,Продавец"
13782,Товар плохого качества
13455,"Доставка позитив,Товар или упаковка поврежден"
13518,
6536,Продавец
9513,Продукт
1498,"Возврат,Другой товар"
10871,
11951,Товар плохого качества
11391,Продавец
7248,Другой товар
12933,Товар плохого качества
3842,
2055,Доставка позитив
10718,"Доставка позитив,Товар или упаковка поврежден"
2058,Доставка позитив
2473,Продавец
13914,Продукт
7505,
8830,
11728,Товар плохого качества
6224,Продавец
483,
9602,"Возврат,Продавец"
8317,Продукт
5250,Другой товар
5725,Продавец
8698,Продукт
8760,
5404,
8031,"Доставка позитив,Продавец"
10940,Товар плохого качества
8229,"Доставка позитив,Продавец"
3070,"Другой товар,Продавец"
7808,
8604,Другой товар
6032,Подделка
12692,Товар плохого качества
5601,
5271,
4896,Неполная комплектация
9060,Другой товар
4328,"Продавец,Товар или упаковка поврежден"
1414,Цена
499,
668,Продукт
7627,"Доставка позитив,Продавец"
8973,"Б/у,Товар или упаковка поврежден"
5589,Другой товар
3378,Неполная комплектация
303,Продавец
10284,Неполная комплектация
1703,Продавец
5006,Цена
9240,Товар плохого качества
5199,Товар плохого качества
9931,Продавец
8484,Продукт
11109,Подделка
6194,Продукт
12835,
3204,Другой товар
4209,"Доставка позитив,Продавец,Продукт"
11285,Товар плохого качества
12826,Товар плохого качества
8231,"Доставка позитив,Продукт"
5809,Продукт
7517,Доставка позитив
3465,Продукт
13633,
1068,"Доставка позитив,Цена"
3608,Неинформативный
12898,Товар плохого качества
9214,Продавец
553,Продавец
10391,"Продавец,Товар просроченный"
12087,Подделка
11545,
9511,"Продавец,Продукт"
7044,Доставка позитив
8439,
7142,"Продавец,Товар плохого качества"
10409,Товар плохого качества
12217,
2948,Подделка
5425,Подделка
6840,Доставка позитив
420,Продавец
4506,Продукт
8651,Продавец
4231,Продукт
1496,Другой товар
1047,Доставка позитив
10880,Доставка позитив
12241,
856,
9191,Продукт
5369,Подделка
7228,Продавец
10764,"Другой товар,Товар плохого качества"
12360,
3710,Товар или упаковка поврежден
4894,Вопрос про гарантию
6778,"Доставка позитив,Продавец"
5778,Продавец
9669,
820,Товар плохого качества
1643,Другой товар
6363,
4162,Доставка позитив
107,Товар плохого качества
367,
10669,Товар плохого качества
4043,
8603,Продавец
9075,Продукт
6334,Другой товар
13050,Доставка негатив
3887,
4040,"Доставка негатив,Доставка позитив"
5062,
7655,
9016,Доставка позитив
4807,
510,Продавец
700,Продукт
6717,
12240,Подделка
12252,
1277,Товар плохого качества
12380,Подделка
6088,"Доставка позитив,Продавец"
39,Товар плохого качества
5858,Продавец
9912,Другой товар
4201,Доставка позитив
11721,Товар плохого качества
2425,Продукт
7250,Продукт
13525,
1303,"Продавец,Продукт"
4333,"Доставка позитив,Продавец"
12150,Подделка
346,
11970,
13571,"Другой товар,Продавец"
474,
3652,
10539,Подделка
5061,
9432,
7281,Товар плохого качества
8165,Продавец
7969,Продавец
7926,Продукт
7890,Продукт
4884,Другой товар
6199,Продукт
6728,
971,
5902,Продукт
6551,"Продавец,Продукт"
8437,"Подделка,Товар плохого качества"
12726,Товар плохого качества
10772,
13115,"Товар или упаковка поврежден,Товар плохого качества"
1201,Неполная комплектация
6876,"Другой товар,Товар плохого качества"
7120,Продавец
36,
9125,Неполная комплектация
9733,Другой товар
13932,Товар плохого качества
5834,Продукт
7202,"Другой товар,Продавец"
4504,
2680,
8483,Продукт
7406,Доставка позитив
11455,
1288,Продавец
5531,
2400,"Доставка позитив,Продукт"
13566,Товар плохого качества
3288,
7756,"Продавец,Продукт"
1746,Подделка
5337,Другой товар
3733,"Продавец,Продукт"
4779,Продукт
6824,Неполная комплектация
13735,Товар плохого качества
9254,Доставка позитив
11155,
2615,Доставка позитив
10193,Товар плохого качества
210,
1950,Доставка позитив
6750,
651,Продукт
2206,"Доставка негатив,Доставка позитив"
1396,Неполная комплектация
9742,
4755,"Доставка позитив,Продавец"
7506,Доставка позитив
1670,"Доставка негатив,Продавец"
2320,
10815,Подделка
5667,Подделка
13706,Продавец
10166,Продукт
10599,
4192,Товар плохого качества
7621,Подделка
9494,"Подделка,Продавец"
484,
8935,Товар плохого качества
898,Продукт
1732,Товар просроченный
9880,Продукт
3784,Подделка
10073,
2662,Продавец
1250,"Неполная комплектация,Цена"
3079,
2435,
11359,Цена
13940,
7553,Доставка позитив
3045,"Другой товар,Продавец"
10137,Каспи
2303,Доставка позитив
11849,
582,Продукт
6557,Подделка
718,
6654,
9718,Другой товар
762,"Другой товар,Продавец"
2692,Товар или упаковка поврежден
1870,Товар плохого качества
11765,Товар плохого качества
13353,Товар плохого качества
4125,Продукт
738,"Другой товар,Продавец"
4099,
12512,"Товар или упаковка поврежден,Товар плохого качества"
8683,
8952,
5716,Продукт
9315,Другой товар
12877,Товар плохого качества
2991,Продавец
10652,Товар плохого качества
750,Другой товар
12582,
11166,"Товар плохого качества,Цена"
2487,Доставка позитив
1839,Доставка позитив
9149,"Доставка позитив,Продавец"
1275,Подделка
12781,Товар плохого качества
9464,Доставка позитив
10386,Товар плохого качества
2856,Другой товар
4826,"Другой товар,Продавец"
4450,Продукт
2264,
9199,"Вопрос про гарантию,Неполная комплектация"
4679,
10476,
8641,Продавец
4580,Другой товар
1369,
740,Другой товар
13351,Товар плохого качества
2998,"Другой товар,Продавец"
1188,Товар плохого качества
12574,
9502,Товар или упаковка поврежден
1570,
8813,Продукт
6951,Подделка
2127,
11477,Товар плохого качества
7402,"Каспи,Продавец"
1981,"Доставка позитив,Каспи"
4403,Продавец
10562,
7781,Продукт
8493,Товар плохого качества
2057,"Доставка негатив,Доставка позитив"
4118,"Доставка позитив,Продукт"
3780,Другой товар
7328,Другой товар
12852,Товар плохого качества
12261,Товар плохого качества
13831,
3251,"Доставка позитив,Продавец"
5709,Товар плохого качества
12559,Подделка
8674,Товар или упаковка поврежден
2894,Товар или упаковка поврежден
11011,Подделка
10212,Подделка
7671,"Возврат,Другой товар"
8678,Товар или упаковка поврежден
562,Доставка позитив
11601,Подделка
5848,Доставка позитив
640,Продавец
1669,
12520,Товар или упаковка поврежден
2407,Продукт
11757,
9248,Другой товар
7814,Неполная комплектация
12510,
8719,Продукт
12810,Подделка
13850,Продукт
4168,"Неинформативный,Продукт"
12723,"Товар или упаковка поврежден,Товар плохого качества"
12089,Подделка
4643,
9113,Товар или упаковка поврежден
180,"Доставка позитив,Продукт"
3366,Каспи
3898,"Продавец,Продукт"
2218,Продавец
12604,Продавец
1955,Доставка негатив
1057,Доставка позитив
13905,"Продавец,Продукт"
9180,
1399,Другой товар
9357,"Товар или упаковка поврежден,Товар плохого качества"
6875,"Другой товар,Продавец"
9854,Продукт
5493,
9343,Товар плохого качества
4244,Товар просроченный
13521,Подделка
11025,"Возврат,Другой товар"
1210,Неполная комплектация
7800,"Доставка позитив,Продукт"
10765,Подделка
2238,Продавец
5519,Продавец
10504,
3546,Продукт
10500,
4974,
9895,Продавец
8408,Продавец
11283,Товар плохого качества
11608,
13855,Продукт
11875,Товар плохого качества
8565,Продавец
1434,"Другой товар,Цена"
14003,Товар плохого качества
92,"Возврат,Товар плохого качества"
7578,Продавец
6987,
3016,
10290,Другой товар
6916,Другой товар
12447,Подделка
10661,Подделка
6301,Продавец
8374,"Доставка позитив,Продавец"
13267,"Другой товар,Товар плохого качества"
3461,Продукт
11966,"Продавец,Товар или упаковка поврежден"
5813,
5556,Товар плохого качества
12878,Подделка
7558,Продавец
1084,"Другой товар,Продавец"
428,Товар плохого качества
5922,Продавец
12452,
12034,Подделка
8093,Продавец
3532,Продукт
7836,Продукт
7453,Продавец
408,
8525,
1608,"Доставка позитив,Продавец"
6866,Продукт
6300,"Товар или упаковка поврежден,Товар плохого качества"
8886,Каспи
8963,
13989,Подделка
8621,"Другой товар,Продавец"
6440,Подделка
13188,Подделка
949,Вопрос клиента
7563,
2629,
8441,
9267,"Доставка позитив,Продавец"
7093,Продавец
6170,Товар просроченный
5767,"Доставка позитив,Продавец"
7503,Продавец
6259,Продукт
10027,Товар плохого качества
4028,Доставка позитив
2820,Другой товар
1421,Другой товар
6522,Продавец
3154,Продукт
819,Товар плохого качества
7745,"Другой товар,Продавец"
4791,"Продавец,Цена"
2655,Неполная комплектация
13720,Продукт
10498,Товар плохого качества
7769,
7760,Цена
13536,Подделка
1285,Товар плохого качества
4046,"Доставка негатив,Товар плохого качества"
10351,"Доставка негатив,Доставка позитив"
3111,Другой товар
13728,Товар плохого качества
1091,Другой товар
6657,Другой товар
73,Товар плохого качества
4838,Продавец
7103,Продавец
10505,Подделка
5910,Продавец
10315,Продавец
291,Продавец
12068,
5758,
10685,Подделка
8296,"Доставка позитив,Продавец"
2089,
8950,Подделка
1801,
12853,
8012,Доставка негатив
13028,Товар или упаковка поврежден
3519,Товар плохого качества
318,Продавец
9830,
3143,
12702,Подделка
9311,Другой товар
1825,"Другой товар,Продавец"
4463,Подделка
10375,Подделка
144,
8421,Товар плохого качества
8740,Другой товар
6817,
3944,Доставка позитив
4900,"Доставка позитив,Продукт"
9750,Продукт
11052,Товар плохого качества
13046,Подделка
1830,Продавец
10734,
85,Другой товар
2816,Продавец
1219,Неполная комплектация
7536,Доставка позитив
5044,
3282,
10732,Товар плохого качества
12341,
11929,Другой товар
3116,"Другой товар,Продавец"
594,Доставка позитив
4057,Товар плохого качества
12156,Подделка
3087,Товар плохого качества
5993,"Продавец,Продукт"
7976,Продавец
13600,Товар или упаковка поврежден
13144,Товар плохого качества
5261,Другой товар
61,Неполная комплектация
3372,
5372,Товар плохого качества
6491,Подделка
10005,Возврат
8959,
12792,Товар плохого качества
11590,Товар плохого качества
11917,Товар плохого качества
12031,Подделка
13913,Продукт
13060,
2848,Другой товар
3077,
958,Доставка позитив
12262,Товар плохого качества
1513,
2290,Товар плохого качества
8284,"Доставка позитив,Продавец"
10859,
1479,
9929,Доставка позитив
9025,Товар или упаковка поврежден
7530,Продавец
4614,Товар или упаковка поврежден
8509,Подделка
10611,Товар плохого качества
12235,Подделка
11920,Товар плохого качества
4667,
12126,
8059,Другой товар
7422,Продавец
4093,Другой товар
11821,Подделка
11865,Подделка
6749,Цена
7110,Продавец
127,
5985,"Доставка позитив,Продавец"
4394,Продавец
11634,
7981,Продукт
9096,Товар просроченный
12114,Товар плохого качества
9390,Продавец
10114,
7372,Товар плохого качества
10146,
3325,"Каспи,Продавец"
275,"Доставка позитив,Продукт"
5942,"Доставка позитив,Продавец"
10951,"Подделка,Товар плохого качества"
1272,Товар плохого качества
9438,Доставка позитив
3819,Неполная комплектация
13625,Продукт
8802,Доставка позитив
1897,"Доставка позитив,Каспи,Продавец"
12583,Товар или упаковка поврежден
5023,Товар плохого качества
6994,Другой товар
9663,Товар или упаковка поврежден
13767,Продукт
8545,"Доставка позитив,Продукт"
11049,
6407,Подделка
715,Продукт
9862,Доставка позитив
3312,
1118,
4351,"Продавец,Цена"
2798,Продавец
11520,Товар плохого качества
3098,Товар плохого качества
2316,
5168,Товар плохого качества
5838,Продавец
3479,Продукт
6832,
10843,
6561,Доставка позитив
6323,Товар плохого качества
4739,Продавец
5333,
12407,Товар или упаковка поврежден
7748,"Доставка позитив,Продавец"
4828,Товар плохого качества
6848,Продавец
9933,
11423,Товар плохого качества
1864,Цена
8348,"Доставка позитив,Подделка,Продавец"
10707,Цена
